Category,Survival Rate
Overall,38.38383838383838
Female,74.20382165605095
Male,18.890814558058924
Class 1,62.96296296296296
Class 2,47.28260869565217
Class 3,24.236252545824847
Embarked C,55.35714285714286
Embarked Q,38.961038961038966
Embarked S,33.69565217391305
Low Fare,32.402234636871505
Medium Fare,65.42056074766354
High Fare,73.58490566037736
